age_in_years,number_at_risk,deaths_interval,lost_follow_up,eff_number_at_risk,risk_of_dying,prob_survival,cum_surv_prob
0_14,100000,67,9500,95250,0.0007034120735,0.9992965879,0.9992965879
15_24,90433,301,12500,84183,0.003575543756,0.9964244562,0.9957235593
25_44,77632,272,20000,67632,0.004021764845,0.9959782352,0.9917189932
45_64,57360,156,30000,42360,0.003682719547,0.9963172805,0.9880667703
65_84,27204,64,25000,14704,0.004352557127,0.9956474429,0.9837661533