age_in_years,number_at_risk,deaths_interval,risk_of_dying,prob_survival,cum_surv_prob
0_14,100000,70,0.0007,0.9993,0.9993
15_24,99930,358,0.003582507755,0.9964174922,0.99572
25_44,99572,400,0.004017193589,0.9959828064,0.99172
45_64,99172,365,0.003680474327,0.9963195257,0.98807
65_84,98807,429,0.004341797646,0.9956582024,0.98378